latitude,longitude,depth,magnitude,magnitude_type,year,month,day,hour,minute,seconds
41.8133,142.6682,56.44,3.60,Mw,2025,10,1,2,56,38.820
38.6988,141.9758,58.73,4.50,Mw,2025,10,1,14,50,6.090
37.8290,144.2092,26.47,4.10,Mw,2025,10,1,17,40,51.870
33.5060,142.3435,43.96,4.00,Mw,2025,10,1,19,26,15.760
37.8340,144.2180,27.48,3.80,Mw,2025,10,1,23,1,58.100
37.8247,144.2168,26.91,3.80,Mw,2025,10,2,15,55,27.140
34.8467,140.1038,60.10,4.20,Mw,2025,10,3,3,37,7.360
39.6538,142.2683,32.97,4.00,Mw,2025,10,4,14,15,16.680
37.4198,141.5855,45.11,5.90,Mw,2025,10,4,15,21,8.540
37.3807,144.8723,42.46,3.60,Mw,2025,10,5,3,55,26.460
37.7378,144.2667,29.35,3.70,Mw,2025,10,5,22,41,6.690
39.7592,141.8375,58.62,3.90,Mw,2025,10,6,2,31,7.310
37.7407,144.2318,29.24,4.50,Mw,2025,10,6,14,20,25.580
37.7417,144.2463,30.49,4.60,Mw,2025,10,6,14,58,0.520
37.8018,144.2157,26.69,3.90,Mw,2025,10,6,16,26,54.790
38.1772,144.7875,24.50,3.80,Mw,2025,10,6,16,44,0.240
37.7330,144.2643,29.74,4.00,Mw,2025,10,6,17,10,50.560
37.7455,144.2627,30.11,4.30,Mw,2025,10,6,18,25,5.010
37.5310,141.3745,51.58,5.20,Mw,2025,10,7,0,30,23.980
37.6992,144.2242,29.18,4.40,Mw,2025,10,7,1,17,17.320
37.7058,144.2137,29.47,4.10,Mw,2025,10,7,1,42,52.000
37.7278,144.2515,30.37,3.70,Mw,2025,10,7,6,1,1.390
37.6833,144.2190,26.75,3.50,Mw,2025,10,7,6,20,17.030
41.0095,143.1265,23.13,3.80,Mw,2025,10,8,7,16,33.260
36.9340,136.3753,12.32,3.70,Mw,2025,10,11,19,24,59.700
41.3578,144.3953,32.64,3.70,Mw,2025,10,12,20,18,55.910
36.7093,142.2728,13.56,3.60,Mw,2025,10,12,23,22,32.250
38.6100,142.3988,62.44,4.40,Mw,2025,10,13,3,25,47.280
39.5180,142.0172,19.54,3.80,Mw,2025,10,13,22,6,3.270
36.7043,142.2545,14.65,3.80,Mw,2025,10,14,0,38,8.320
39.6645,139.4220,19.90,4.10,Mw,2025,10,14,3,34,23.930
38.5328,141.4158,71.83,3.90,Mw,2025,10,15,8,50,20.290
36.8357,141.4060,13.99,3.70,Mw,2025,10,15,18,57,20.360
38.9192,142.1183,43.80,3.60,Mw,2025,10,21,5,20,46.760
32.2092,131.8432,29.11,3.90,Mw,2025,10,21,7,41,38.710
37.5897,142.1467,36.32,4.20,Mw,2025,10,21,18,48,31.470
42.9240,145.4745,43.14,5.00,Mw,2025,10,22,9,17,31.980
30.5543,131.1680,13.18,3.70,Mw,2025,10,23,14,36,6.810
37.4462,141.8420,49.76,4.70,Mw,2025,10,23,21,9,28.080
38.1907,141.7073,51.40,3.80,Mw,2025,10,24,0,27,14.410
35.8058,140.1232,69.25,4.20,Mw,2025,10,24,6,47,24.080
42.9328,145.6170,39.72,5.80,Mw,2025,10,24,16,40,9.760
37.5450,141.9662,40.73,3.80,Mw,2025,10,25,4,18,8.630
36.6245,139.4522,5.31,4.40,Mw,2025,10,26,3,4,54.770
35.8008,140.0982,69.01,4.60,Mw,2025,10,26,13,34,56.480
37.1310,141.3710,5.92,3.80,Mw,2025,10,30,7,55,16.020
37.1285,141.3702,5.41,4.50,Mw,2025,10,30,8,0,51.780
38.2805,142.1503,32.85,3.60,Mw,2025,10,30,15,16,36.400
39.1033,142.1902,49.62,4.20,Mw,2025,11,1,14,44,6.180
34.0780,135.3263,9.17,4.00,Mw,2025,11,1,22,30,5.240
39.9267,143.6200,16.13,4.60,Mw,2025,11,2,9,57,55.560
39.9215,143.6132,15.14,4.30,Mw,2025,11,2,10,3,59.840
39.9415,143.6187,13.57,4.80,Mw,2025,11,3,10,17,58.590
39.3540,143.5543,12.34,5.10,Mw,2025,11,3,19,16,6.620
39.3453,143.4987,14.32,4.00,Mw,2025,11,4,21,6,0.600
34.8333,140.8158,42.13,4.80,Mw,2025,11,4,22,17,31.400
39.8315,143.5995,18.13,4.00,Mw,2025,11,6,4,4,5.620
41.9648,144.5937,14.56,4.30,Mw,2025,11,6,14,29,50.170
32.0417,132.0335,22.78,4.50,Mw,2025,11,6,16,23,22.630
32.0370,132.0277,22.47,4.40,Mw,2025,11,6,19,25,53.530
40.2542,142.5173,41.38,3.80,Mw,2025,11,7,11,42,25.460
39.3587,143.4423,13.43,4.10,Mw,2025,11,7,20,53,45.010
39.3698,143.4472,13.88,4.60,Mw,2025,11,8,1,13,29.870
39.3718,143.4547,12.93,3.90,Mw,2025,11,8,1,18,30.480
39.3610,143.4518,13.76,4.60,Mw,2025,11,8,2,36,9.950
39.3792,143.4492,14.24,4.20,Mw,2025,11,8,8,13,17.490
39.3875,143.4577,14.62,4.20,Mw,2025,11,8,10,54,17.840
39.3823,143.4522,14.10,3.60,Mw,2025,11,8,13,36,28.870
39.4290,143.4643,14.76,3.70,Mw,2025,11,8,17,46,52.730
39.4315,143.5018,15.25,5.20,Mw,2025,11,8,20,29,16.210
39.3697,143.4215,13.49,5.30,Mw,2025,11,8,21,4,18.610
36.3492,140.0767,71.24,4.20,Mw,2025,11,8,21,24,57.640
39.4345,143.4710,13.09,5.50,Mw,2025,11,8,22,15,8.830
39.3900,143.4518,14.38,4.80,Mw,2025,11,8,22,27,0.680
39.3898,143.4598,13.54,5.00,Mw,2025,11,8,22,33,46.850
39.3497,143.3800,14.76,5.10,Mw,2025,11,9,0,17,31.410
39.3522,143.4133,16.28,4.30,Mw,2025,11,9,2,32,38.600
41.9585,142.3378,70.75,4.20,Mw,2025,11,9,4,16,40.230
39.4625,143.4162,12.36,4.00,Mw,2025,11,9,7,36,20.930
39.4023,143.5073,15.90,6.50,Mw,2025,11,9,8,3,39.240
39.4812,143.5212,5.73,5.80,Mw,2025,11,9,8,14,52.580
39.4333,143.4762,15.60,5.50,Mw,2025,11,9,8,34,3.570
39.3632,143.3842,14.68,5.30,Mw,2025,11,9,8,49,52.400
39.4522,143.4012,13.80,6.30,Mw,2025,11,9,8,54,38.490
39.4745,143.3747,10.15,5.20,Mw,2025,11,9,9,10,49.640
39.6083,143.5538,10.37,5.60,Mw,2025,11,9,9,28,24.900
39.3908,143.4483,14.01,5.20,Mw,2025,11,9,9,52,44.970
39.2793,143.6058,12.36,4.70,Mw,2025,11,9,11,11,26.170
39.1982,143.4493,13.73,4.30,Mw,2025,11,9,12,15,47.400
39.6363,143.4423,14.18,3.90,Mw,2025,11,9,13,14,33.340
39.4423,143.3065,13.96,4.00,Mw,2025,11,9,13,50,18.200
39.5743,143.2737,13.89,3.80,Mw,2025,11,9,14,16,6.320
39.7217,143.4362,13.72,4.60,Mw,2025,11,9,14,41,15.110
39.3913,143.6388,15.78,4.00,Mw,2025,11,9,15,23,6.020
39.4612,143.4190,13.87,3.90,Mw,2025,11,9,15,30,56.500
39.4887,143.3532,15.18,4.90,Mw,2025,11,9,15,44,23.290
39.4918,143.3203,12.65,4.90,Mw,2025,11,9,15,46,48.000
39.4898,143.2923,15.69,4.20,Mw,2025,11,9,15,58,11.500
39.2335,143.7695,10.35,4.30,Mw,2025,11,9,16,42,27.380
39.3833,143.4320,14.46,3.90,Mw,2025,11,9,16,46,24.740
39.4800,143.3335,12.03,4.00,Mw,2025,11,9,18,28,38.820
39.2388,143.7577,10.84,5.00,Mw,2025,11,9,22,4,14.850
39.4685,143.4112,14.06,4.70,Mw,2025,11,9,22,41,29.680
39.3703,143.7170,17.01,4.00,Mw,2025,11,9,22,45,42.860
39.1847,143.4885,15.21,3.90,Mw,2025,11,9,23,41,0.120
39.6312,143.5568,11.36,3.90,Mw,2025,11,9,23,48,17.920
39.4500,143.3305,13.91,4.40,Mw,2025,11,10,0,40,7.350
39.2143,143.5813,12.03,5.30,Mw,2025,11,10,1,20,52.590
39.7012,143.4323,14.29,4.40,Mw,2025,11,10,1,55,14.050
39.1423,143.0242,20.15,5.30,Mw,2025,11,10,3,0,21.130
39.2492,143.5795,12.98,4.60,Mw,2025,11,10,6,18,40.030
39.5587,143.5558,7.83,6.00,Mw,2025,11,10,7,23,18.860
39.5722,143.2638,12.74,5.10,Mw,2025,11,10,9,59,0.790
39.5437,143.5682,12.35,3.90,Mw,2025,11,10,13,5,27.960
39.4495,143.4353,14.18,3.70,Mw,2025,11,10,14,55,38.430
39.3265,143.5822,13.90,4.20,Mw,2025,11,10,20,44,16.460
39.4517,143.4310,14.53,3.80,Mw,2025,11,10,21,56,33.090
39.4340,143.2712,15.69,4.30,Mw,2025,11,11,12,3,6.130
35.7408,140.8978,11.60,3.50,Mw,2025,11,11,21,15,48.270
36.4648,140.6010,55.82,3.80,Mw,2025,11,11,21,50,48.320
39.2002,143.4522,14.57,3.80,Mw,2025,11,11,23,48,22.080
39.7595,143.3505,15.03,5.40,Mw,2025,11,12,0,29,20.830
39.6997,143.7025,12.35,4.90,Mw,2025,11,12,3,57,40.290
31.6930,131.7360,36.10,3.80,Mw,2025,11,12,10,49,26.220
37.1952,141.5788,45.39,3.60,Mw,2025,11,12,17,55,24.940
39.3948,143.6715,16.26,3.90,Mw,2025,11,12,18,3,28.660
39.4038,143.4577,14.86,4.20,Mw,2025,11,12,19,8,55.430
36.1908,141.6698,24.58,4.70,Mw,2025,11,13,0,54,36.340
39.4922,143.4042,10.24,4.10,Mw,2025,11,13,7,22,49.200
39.4207,143.6615,13.26,4.10,Mw,2025,11,13,7,57,36.790
39.2888,143.5367,12.90,5.20,Mw,2025,11,13,19,58,3.070
40.1275,142.4758,38.38,3.70,Mw,2025,11,13,21,23,30.750
37.1002,136.4280,9.05,3.80,Mw,2025,11,14,2,26,18.800
37.0292,141.9427,49.26,4.30,Mw,2025,11,14,15,1,51.150
37.3258,141.9022,36.96,4.10,Mw,2025,11,14,17,34,54.260
37.7278,137.6172,22.47,3.80,Mw,2025,11,15,13,3,15.320
39.6163,143.2248,15.75,4.50,Mw,2025,11,15,18,6,22.110
40.0680,142.7007,31.39,3.90,Mw,2025,11,15,22,26,32.520
39.3287,143.6298,14.49,3.90,Mw,2025,11,16,0,9,31.840
35.3907,140.4298,59.67,3.80,Mw,2025,11,16,7,3,22.600
39.5457,143.5808,13.18,4.20,Mw,2025,11,16,13,19,33.860
39.7410,143.2322,10.76,5.40,Mw,2025,11,17,19,6,33.580
41.9152,142.5050,53.52,3.80,Mw,2025,11,17,23,46,14.830
39.2302,142.4793,27.38,4.30,Mw,2025,11,18,2,5,49.280
40.9343,142.6225,44.62,4.60,Mw,2025,11,18,8,21,20.960
39.1098,143.5527,16.54,4.60,Mw,2025,11,19,2,23,19.880
39.5365,143.5328,11.56,3.50,Mw,2025,11,19,18,47,59.750
39.7062,143.4238,14.28,3.80,Mw,2025,11,20,9,8,51.680
35.6162,139.8842,32.26,3.80,Mw,2025,11,21,3,24,8.870
39.6192,143.5590,12.05,5.50,Mw,2025,11,21,12,22,5.080
42.0343,142.6030,64.37,3.80,Mw,2025,11,22,7,22,16.470
33.5203,141.0507,52.84,3.60,Mw,2025,11,22,22,43,32.260
42.7215,145.9840,3.36,4.00,Mw,2025,11,23,16,16,0.570
39.1177,143.6473,3.62,3.70,Mw,2025,11,23,21,25,37.040
38.8897,141.9693,48.80,3.70,Mw,2025,11,24,10,9,51.670
38.6233,141.8973,46.62,3.80,Mw,2025,11,25,3,17,58.770
35.8830,142.3392,6.58,4.40,Mw,2025,11,25,7,59,27.550
32.9975,131.1080,9.32,5.30,Mw,2025,11,25,9,1,16.560
39.4495,142.5883,29.74,3.60,Mw,2025,11,25,11,43,4.700
32.9923,131.1273,8.40,3.60,Mw,2025,11,25,11,44,41.740
32.9857,131.1107,8.99,4.40,Mw,2025,11,25,12,59,9.520
32.9878,131.1090,9.00,3.50,Mw,2025,11,25,13,31,25.440
32.9817,131.1203,8.93,3.60,Mw,2025,11,25,14,48,22.890
43.5062,139.6010,13.70,3.50,Mw,2025,11,25,18,28,1.510
31.3935,131.6755,37.19,3.90,Mw,2025,11,25,20,56,27.310
42.4603,144.3235,74.05,4.60,Mw,2025,11,26,16,43,56.930
39.3627,143.7505,21.11,4.10,Mw,2025,11,27,20,34,0.310
39.7742,143.3410,15.46,3.80,Mw,2025,11,27,22,3,56.250
39.6163,143.4718,13.37,4.20,Mw,2025,11,29,21,46,28.390
34.9968,137.3085,38.98,3.70,Mw,2025,11,30,14,55,23.820
38.2123,141.7955,58.81,4.70,Mw,2025,11,30,17,25,50.590
42.1117,142.5522,45.89,4.40,Mw,2025,12,1,0,48,1.570
42.9383,145.4592,45.28,5.00,Mw,2025,12,2,10,3,4.370
34.5318,139.4407,14.84,4.20,Mw,2025,12,2,11,7,16.290
42.3550,143.9813,67.16,3.80,Mw,2025,12,3,6,20,23.220
32.0483,131.9732,24.08,3.70,Mw,2025,12,4,12,11,33.670
39.4625,143.4317,15.23,4.70,Mw,2025,12,7,0,16,44.820
40.9677,142.2882,53.50,7.40,Mw,2025,12,8,14,15,10.180
40.9503,143.1278,19.15,6.00,Mw,2025,12,8,18,56,29.530
40.9402,143.1950,17.51,5.20,Mw,2025,12,8,19,1,10.850
40.9433,143.3010,14.64,6.50,Mw,2025,12,8,21,52,42.710
40.8138,142.9233,26.23,5.30,Mw,2025,12,8,23,59,5.630
41.1552,142.6108,40.32,4.00,Mw,2025,12,9,4,47,26.210
41.2162,143.0748,23.97,4.40,Mw,2025,12,9,5,15,47.750
40.8495,143.0038,20.50,3.90,Mw,2025,12,9,5,48,24.550
41.2680,142.4193,46.93,5.20,Mw,2025,12,9,9,9,45.990
41.2093,143.0492,28.22,4.30,Mw,2025,12,9,9,20,2.170
40.9018,143.0962,19.45,4.10,Mw,2025,12,9,10,4,49.070
41.1758,142.5580,43.70,3.90,Mw,2025,12,9,22,14,38.970
40.8523,143.0023,16.59,4.30,Mw,2025,12,9,22,20,2.700
40.8507,143.0045,17.66,3.70,Mw,2025,12,9,22,49,46.710
41.2695,142.3982,47.67,4.30,Mw,2025,12,9,23,4,36.040
33.6458,139.5255,22.32,3.50,Mw,2025,12,10,3,15,12.190
41.0317,142.7155,36.00,4.40,Mw,2025,12,10,6,23,48.270
39.2413,143.7488,10.34,4.30,Mw,2025,12,10,10,55,12.000
41.2527,142.3923,48.41,4.30,Mw,2025,12,10,14,1,29.500
40.8365,142.7565,36.13,5.80,Mw,2025,12,10,14,52,24.190
34.1967,139.2922,12.82,3.70,Mw,2025,12,10,18,55,25.780
34.2013,139.2933,12.40,3.80,Mw,2025,12,10,19,0,19.140
40.9082,143.0865,19.81,3.90,Mw,2025,12,11,1,22,57.610
41.1848,142.5663,43.67,3.60,Mw,2025,12,11,2,22,23.600
35.7863,140.9717,18.20,3.70,Mw,2025,12,11,3,42,57.000
41.8702,142.7863,60.53,3.90,Mw,2025,12,11,10,12,13.810
41.2250,143.0973,23.30,4.20,Mw,2025,12,11,17,4,17.710
41.2472,142.8190,28.60,4.60,Mw,2025,12,11,18,11,5.580
40.9870,143.1630,20.99,4.00,Mw,2025,12,11,21,39,52.150
40.9998,143.1673,15.66,5.00,Mw,2025,12,11,22,9,19.890
40.9000,142.9650,16.61,6.60,Mw,2025,12,12,2,44,13.420
40.9898,143.0025,16.94,5.50,Mw,2025,12,12,3,21,39.070
41.1782,142.5377,44.73,4.20,Mw,2025,12,12,7,55,41.500
40.8393,143.0157,18.28,3.70,Mw,2025,12,12,9,42,49.380
36.1933,140.0583,51.72,4.80,Mw,2025,12,12,10,5,19.680
40.9720,143.0035,18.89,3.90,Mw,2025,12,12,10,14,33.130
40.9047,142.9642,17.70,3.70,Mw,2025,12,12,10,23,56.490
40.9752,143.1290,21.43,3.90,Mw,2025,12,12,12,24,24.870
41.2065,142.6268,41.28,3.90,Mw,2025,12,12,23,41,40.690
41.1953,143.2062,20.67,3.70,Mw,2025,12,13,5,8,1.160
40.9833,142.3225,48.97,4.20,Mw,2025,12,13,5,59,41.830
40.8925,142.9408,16.71,3.60,Mw,2025,12,13,8,45,2.050
40.5872,143.7282,12.37,4.20,Mw,2025,12,13,21,49,35.220
37.0718,141.2057,48.49,4.00,Mw,2025,12,13,22,52,55.160
40.4133,143.6590,15.41,3.70,Mw,2025,12,13,23,9,13.580
39.7477,143.7175,17.34,4.80,Mw,2025,12,14,7,58,12.580
41.5633,142.1072,53.20,4.00,Mw,2025,12,14,13,49,42.840
37.0543,136.6252,7.93,4.80,Mw,2025,12,14,14,26,50.770
40.9098,142.1052,55.14,3.70,Mw,2025,12,14,14,53,56.050
40.8882,143.0345,16.01,4.00,Mw,2025,12,14,16,48,27.860
41.1790,142.7107,37.69,4.50,Mw,2025,12,14,18,9,27.480
37.0470,136.6287,7.38,4.60,Mw,2025,12,14,19,3,36.290
42.9315,145.4530,42.95,3.90,Mw,2025,12,14,23,44,5.960
40.9365,143.0685,16.21,4.20,Mw,2025,12,15,21,44,46.680
35.9132,136.7477,9.70,3.70,Mw,2025,12,16,4,57,5.570
40.8933,143.0598,15.34,5.20,Mw,2025,12,16,5,38,50.530
32.9923,131.1232,10.06,3.50,Mw,2025,12,16,14,13,6.260
40.3622,143.0040,21.28,3.70,Mw,2025,12,16,21,41,38.210
41.2530,142.4817,44.98,4.80,Mw,2025,12,17,9,50,17.440
39.7383,143.1992,11.70,4.30,Mw,2025,12,18,0,50,38.680
39.3962,143.2680,17.40,3.80,Mw,2025,12,18,3,5,24.510
39.7437,143.2027,11.29,4.30,Mw,2025,12,18,5,20,7.630
40.8957,143.2220,20.58,3.80,Mw,2025,12,19,4,58,30.170
40.8652,143.0428,13.49,3.70,Mw,2025,12,19,8,35,57.370
40.8448,142.9170,15.43,3.80,Mw,2025,12,19,12,37,50.930
40.8947,142.9112,18.00,3.60,Mw,2025,12,19,18,47,23.220
39.6158,143.3047,13.99,4.40,Mw,2025,12,19,21,40,5.000
40.7243,142.2537,51.40,5.40,Mw,2025,12,21,1,29,1.700
34.8260,141.7537,34.24,4.80,Mw,2025,12,21,6,58,50.270
41.1653,143.2560,17.25,4.10,Mw,2025,12,21,19,32,35.900
39.6335,142.1055,48.63,4.10,Mw,2025,12,21,23,33,1.380
42.3258,143.0160,52.27,3.90,Mw,2025,12,22,20,3,49.280
37.8045,141.7055,54.51,3.70,Mw,2025,12,22,23,28,55.910
38.3647,142.2557,25.79,3.50,Mw,2025,12,23,8,55,16.560
41.1797,142.6355,40.12,3.60,Mw,2025,12,24,0,18,18.450
37.0542,136.6167,8.20,3.70,Mw,2025,12,24,0,47,41.630
41.1635,142.7853,31.29,3.90,Mw,2025,12,24,4,4,30.540
41.1675,142.5828,42.41,5.70,Mw,2025,12,25,16,17,40.300
42.9063,145.5055,39.54,4.10,Mw,2025,12,27,3,55,18.140
32.9997,131.1277,8.97,4.00,Mw,2025,12,28,22,35,22.340
39.5560,143.4353,13.21,4.70,Mw,2025,12,30,22,19,44.950
39.4547,142.5878,30.55,4.60,Mw,2025,12,30,23,51,35.810
40.0677,142.8853,31.68,6.00,Mw,2025,12,31,14,26,58.420
40.9095,143.0557,22.80,4.90,Mw,2025,12,31,16,30,21.960
39.5640,143.4412,12.92,3.80,Mw,2026,1,1,12,46,20.410
33.6858,134.6623,39.18,3.80,Mw,2026,1,1,22,49,37.840
35.3492,136.7665,40.24,3.70,Mw,2026,1,4,9,16,49.090
40.9967,142.7943,30.86,4.00,Mw,2026,1,4,12,43,4.770
35.3152,133.2138,11.46,5.80,Mw,2026,1,6,1,18,48.490
35.3175,133.2335,11.77,4.80,Mw,2026,1,6,1,28,48.630
35.3123,133.1760,13.76,5.00,Mw,2026,1,6,1,37,46.830
40.3667,142.2127,45.73,4.10,Mw,2026,1,6,3,34,4.330
35.3178,133.2550,12.15,3.50,Mw,2026,1,6,3,43,49.590
35.3052,133.1927,10.40,3.60,Mw,2026,1,6,6,38,20.720
35.3182,133.2320,13.38,3.50,Mw,2026,1,6,10,21,40.240
35.3205,133.2373,14.63,3.80,Mw,2026,1,6,10,53,12.860
35.3127,133.1835,9.50,3.70,Mw,2026,1,6,13,23,22.120
35.3003,133.2287,8.47,3.60,Mw,2026,1,6,15,20,19.620
41.4592,142.1375,52.93,4.90,Mw,2026,1,6,18,4,44.290
35.3150,133.2307,10.72,3.70,Mw,2026,1,7,9,39,7.620
41.3832,142.6788,36.90,4.20,Mw,2026,1,8,8,27,59.570
42.8030,145.2435,43.16,3.50,Mw,2026,1,8,16,7,50.890
37.3323,142.2360,46.38,3.70,Mw,2026,1,8,16,29,7.370
40.3690,142.2000,45.54,3.70,Mw,2026,1,9,5,59,23.810
40.2600,140.8420,7.26,4.30,Mw,2026,1,9,9,56,53.330
35.4360,140.4433,30.47,4.50,Mw,2026,1,9,11,7,58.340
40.2628,140.8437,7.54,4.10,Mw,2026,1,9,11,24,11.770
40.2640,140.8447,6.72,3.90,Mw,2026,1,9,11,35,8.520
39.9098,142.5417,36.31,3.70,Mw,2026,1,9,18,11,59.890
37.3522,136.8838,10.30,3.90,Mw,2026,1,10,2,22,12.790
42.2507,144.2110,54.20,3.90,Mw,2026,1,11,0,48,1.770
39.5562,141.8958,63.21,5.00,Mw,2026,1,11,4,15,35.280
45.0407,142.1875,0.00,4.10,Mw,2026,1,12,0,48,38.140
45.0345,142.1910,0.00,4.70,Mw,2026,1,12,0,50,15.070
45.0363,142.1748,0.00,4.20,Mw,2026,1,12,0,58,36.970
45.0293,142.1767,0.00,4.10,Mw,2026,1,12,2,52,18.980
45.0295,142.1642,0.00,4.10,Mw,2026,1,12,2,57,58.270
38.3117,141.9218,45.11,3.90,Mw,2026,1,12,15,2,43.240
45.0417,142.1590,0.00,4.40,Mw,2026,1,12,16,10,14.350
45.0495,142.1667,0.00,4.80,Mw,2026,1,12,16,58,53.820
37.4822,137.2775,11.60,4.10,Mw,2026,1,12,20,9,48.320
35.6192,141.0243,27.81,4.10,Mw,2026,1,14,2,50,2.100
36.3648,141.5093,29.56,3.80,Mw,2026,1,14,9,12,44.970
42.7160,145.3838,31.17,5.50,Mw,2026,1,14,22,13,17.100
37.9862,144.7383,24.70,3.90,Mw,2026,1,15,1,14,37.240
36.3638,137.6135,0.15,4.80,Mw,2026,1,15,5,40,14.150
36.3602,137.6205,2.38,4.50,Mw,2026,1,15,5,43,56.660
36.3658,137.6223,0.00,5.10,Mw,2026,1,15,5,48,3.080
36.3862,137.6263,1.81,4.00,Mw,2026,1,15,5,57,21.700
37.4902,142.5797,17.70,3.80,Mw,2026,1,15,14,44,4.440
42.9373,145.4700,44.09,3.80,Mw,2026,1,15,17,58,7.000
42.9335,145.4678,43.23,3.60,Mw,2026,1,15,18,16,38.750
45.0278,142.1583,0.00,4.00,Mw,2026,1,16,1,56,19.980
39.5927,143.5257,12.41,4.50,Mw,2026,1,16,9,4,29.790
44.3270,142.2957,0.00,4.10,Mw,2026,1,16,15,39,2.870
41.2625,142.7325,35.43,5.30,Mw,2026,1,16,19,34,14.730
40.8762,143.0147,15.64,4.60,Mw,2026,1,16,19,36,43.860
36.9147,136.3880,11.39,3.60,Mw,2026,1,16,23,27,37.660
31.8932,130.8185,1.73,4.10,Mw,2026,1,17,8,37,40.810
35.6512,140.1082,70.78,3.90,Mw,2026,1,17,16,49,47.830
36.0450,137.4235,6.67,3.60,Mw,2026,1,17,18,46,42.330
40.8845,142.9267,17.11,3.60,Mw,2026,1,17,22,42,58.750
42.4578,145.1362,24.04,4.50,Mw,2026,1,18,9,46,53.210
36.3608,141.5168,30.36,4.10,Mw,2026,1,18,20,33,59.000
36.3638,141.5145,29.05,3.70,Mw,2026,1,18,22,49,59.900
33.5752,138.5095,35.03,4.30,Mw,2026,1,19,16,30,19.400
37.6242,141.8578,40.44,4.00,Mw,2026,1,20,5,3,5.290
45.0597,142.2103,0.00,4.10,Mw,2026,1,20,8,36,26.740
45.0557,142.1930,0.00,3.80,Mw,2026,1,20,9,17,31.320
41.4890,142.0205,58.06,5.40,Mw,2026,1,20,17,51,41.240
39.4913,143.5647,13.08,4.20,Mw,2026,1,20,18,44,41.600
45.0315,142.1650,0.00,4.10,Mw,2026,1,20,19,40,34.830
45.0610,142.2022,0.00,3.90,Mw,2026,1,21,0,34,1.130
45.0322,142.1543,0.00,3.80,Mw,2026,1,21,0,44,34.080
39.4213,143.5232,15.22,3.90,Mw,2026,1,22,7,10,52.360
41.0442,142.5153,45.56,5.30,Mw,2026,1,22,14,31,29.640
42.4442,143.1800,47.98,4.00,Mw,2026,1,23,1,6,54.180
40.8780,143.2160,16.15,3.90,Mw,2026,1,23,4,9,16.380
36.6338,140.6230,7.46,4.10,Mw,2026,1,23,21,19,57.620
38.4495,141.8200,53.97,3.70,Mw,2026,1,24,11,52,44.470
43.0050,144.6817,69.05,3.60,Mw,2026,1,24,21,4,49.730
36.1987,140.0312,51.85,4.00,Mw,2026,1,25,2,46,11.410
39.6802,142.1268,47.87,4.30,Mw,2026,1,26,0,20,22.600
40.9097,143.3292,23.47,3.70,Mw,2026,1,27,18,52,6.500
45.0715,142.1783,0.00,4.20,Mw,2026,1,28,1,53,47.480
45.0628,142.1817,0.00,4.50,Mw,2026,1,28,6,34,1.790
40.1868,143.1337,20.00,5.10,Mw,2026,1,28,10,45,51.130
45.0565,142.1805,0.00,4.00,Mw,2026,1,28,15,42,14.820
38.3153,142.1455,38.34,3.90,Mw,2026,1,28,18,29,50.670
35.0735,140.0803,24.30,4.50,Mw,2026,1,29,1,25,15.090
35.0908,140.0850,26.98,4.10,Mw,2026,1,29,2,47,50.090
36.3077,141.5647,28.45,3.90,Mw,2026,1,29,5,1,12.010
35.0645,140.0560,28.34,3.60,Mw,2026,1,29,13,23,24.340
41.9910,142.5337,65.84,4.40,Mw,2026,1,29,14,13,16.250
39.8337,143.3067,15.73,4.30,Mw,2026,1,30,11,3,19.070
39.8355,143.3098,15.10,3.90,Mw,2026,1,30,11,35,58.290
37.3685,136.9410,11.48,4.00,Mw,2026,1,30,17,11,32.390
36.3278,140.8370,42.21,3.90,Mw,2026,1,30,18,47,22.440
39.7020,143.3397,14.41,4.00,Mw,2026,2,1,9,11,0.290
37.2935,142.2107,25.10,3.60,Mw,2026,2,1,18,37,6.590
37.2910,142.2013,26.17,3.60,Mw,2026,2,1,18,48,46.990
33.2133,132.3470,39.33,3.60,Mw,2026,2,2,15,11,48.930
37.5848,142.2682,33.48,4.40,Mw,2026,2,2,21,58,48.110
36.7293,140.9558,50.84,4.70,Mw,2026,2,3,9,3,21.590
35.7955,140.9848,26.52,4.20,Mw,2026,2,3,18,36,11.380
35.6730,140.4152,66.91,4.40,Mw,2026,2,5,0,19,47.050
42.0530,142.4887,68.04,3.90,Mw,2026,2,5,2,11,20.830
39.7402,143.2440,10.45,4.10,Mw,2026,2,5,8,33,2.400
36.8105,138.6005,2.48,3.60,Mw,2026,2,6,0,23,17.330
37.1480,141.1820,17.80,3.80,Mw,2026,2,6,16,55,50.290
38.1442,144.2695,32.20,4.00,Mw,2026,2,6,17,56,52.820
40.9092,142.1078,55.55,3.70,Mw,2026,2,7,6,17,6.820
35.4513,138.9462,19.89,3.70,Mw,2026,2,7,11,1,42.310
37.9933,141.8167,51.95,3.80,Mw,2026,2,8,0,20,22.520
36.3313,141.8533,2.00,4.70,Mw,2026,2,8,1,59,32.740
42.3585,143.1142,51.10,4.20,Mw,2026,2,8,21,45,15.440
45.0377,142.1887,0.00,3.70,Mw,2026,2,9,14,44,1.750
30.6472,131.5692,39.40,3.80,Mw,2026,2,9,16,18,10.220
39.1922,143.4658,14.28,3.90,Mw,2026,2,9,19,13,33.120
43.9318,145.0138,6.06,3.50,Mw,2026,2,10,1,17,43.760
37.2835,142.2838,16.38,3.60,Mw,2026,2,10,9,40,7.780
34.6113,140.2383,59.82,3.70,Mw,2026,2,10,16,12,38.110
35.5927,143.7768,50.19,4.80,Mw,2026,2,10,18,52,2.660
45.0420,142.1907,0.00,3.60,Mw,2026,2,11,10,36,8.450
41.4907,142.0473,56.14,4.40,Mw,2026,2,11,17,28,25.330
33.6670,141.1075,52.21,4.10,Mw,2026,2,12,19,52,2.610
40.8327,143.0977,0.00,4.40,Mw,2026,2,12,20,49,42.050
32.3948,132.2920,26.29,3.70,Mw,2026,2,14,19,50,6.500
39.5952,143.5142,13.03,3.60,Mw,2026,2,15,0,55,40.090
36.0772,139.9252,46.56,3.70,Mw,2026,2,15,2,52,24.450
41.5987,141.8673,32.56,3.80,Mw,2026,2,15,7,19,39.070
37.3238,141.7340,41.94,4.00,Mw,2026,2,15,8,28,6.740
40.1325,142.4813,38.16,4.40,Mw,2026,2,16,4,59,54.810
40.8020,142.6287,42.62,4.20,Mw,2026,2,16,17,52,53.690
40.8965,143.3033,16.37,4.20,Mw,2026,2,17,8,4,8.670
37.3107,141.9060,37.29,4.40,Mw,2026,2,18,22,40,26.580
35.2355,140.2623,25.51,4.00,Mw,2026,2,19,8,24,35.650
40.3132,144.8922,25.66,3.60,Mw,2026,2,19,17,49,3.710
36.7022,142.0628,17.84,4.10,Mw,2026,2,20,10,39,21.170
43.9280,145.0093,4.40,3.60,Mw,2026,2,20,11,5,26.420
41.5090,142.0878,54.10,5.30,Mw,2026,2,20,14,16,30.590
37.7723,141.8175,44.30,3.80,Mw,2026,2,20,18,59,31.770
40.3797,142.9628,22.54,4.50,Mw,2026,2,23,2,59,31.220
40.3818,142.9717,22.07,3.80,Mw,2026,2,23,3,50,8.430
38.1915,141.7707,57.92,3.70,Mw,2026,2,24,4,26,59.290
39.5562,142.0137,53.94,4.40,Mw,2026,2,24,18,16,40.270
44.6082,142.0785,0.00,3.80,Mw,2026,2,24,18,58,1.040
32.1493,132.7040,32.97,5.10,Mw,2026,2,25,9,7,46.590
41.4938,142.0455,56.19,4.30,Mw,2026,2,25,9,41,35.400
31.6972,132.1480,42.32,4.90,Mw,2026,2,25,17,17,3.400
38.0260,142.5383,18.21,3.70,Mw,2026,2,25,21,52,32.250
44.6175,142.0672,7.76,3.90,Mw,2026,2,26,21,24,6.380
31.4768,131.3413,48.91,4.20,Mw,2026,3,1,0,35,8.030
38.8590,142.1092,43.58,3.80,Mw,2026,3,1,14,9,11.070
40.3823,142.9723,21.93,4.30,Mw,2026,3,1,18,38,47.260
39.6245,143.4682,13.07,4.00,Mw,2026,3,3,12,16,22.640
39.7960,143.3623,14.75,3.70,Mw,2026,3,3,14,27,15.950
38.1877,144.7910,28.95,3.90,Mw,2026,3,3,22,48,45.840
39.6310,143.4580,14.18,4.50,Mw,2026,3,4,0,48,39.400
38.7598,142.4382,46.28,4.90,Mw,2026,3,6,20,31,50.540
38.7625,142.4388,45.35,4.00,Mw,2026,3,6,20,35,39.930
33.0850,130.2873,14.77,3.60,Mw,2026,3,8,6,6,29.160
39.3797,143.2298,14.31,5.50,Mw,2026,3,8,13,8,37.570
39.4052,143.2275,17.16,5.70,Mw,2026,3,8,13,17,8.920
39.3733,143.7223,18.07,3.70,Mw,2026,3,9,0,38,29.840
39.4560,143.3377,16.15,3.60,Mw,2026,3,9,5,52,23.640
40.2670,144.0882,29.63,4.50,Mw,2026,3,9,21,6,4.490
40.2517,144.0928,27.24,3.70,Mw,2026,3,10,4,11,5.840
37.4015,141.0565,59.08,4.60,Mw,2026,3,10,6,28,3.470
40.9195,143.0120,16.69,4.40,Mw,2026,3,10,22,38,35.290
36.4283,137.6235,0.86,4.20,Mw,2026,3,12,19,25,15.430
39.3657,143.3882,14.43,4.90,Mw,2026,3,13,19,55,22.620
36.2575,141.7740,17.34,3.70,Mw,2026,3,14,5,24,7.450
36.2585,141.7845,6.55,4.00,Mw,2026,3,14,5,58,59.960
36.2538,141.7758,17.96,4.00,Mw,2026,3,14,11,17,25.080
37.3763,142.3055,39.58,4.20,Mw,2026,3,15,4,48,44.050
32.2480,130.4415,6.72,4.10,Mw,2026,3,15,14,10,32.100
40.8680,143.4008,16.44,4.70,Mw,2026,3,15,16,32,40.790
31.3337,131.7058,22.64,4.60,Mw,2026,3,15,18,39,11.690
41.3892,142.6888,39.50,4.90,Mw,2026,3,15,18,56,53.850
33.6007,132.2083,52.40,4.00,Mw,2026,3,15,20,25,17.450
32.2477,130.4263,7.01,3.70,Mw,2026,3,17,19,44,9.680
42.2955,144.2533,52.62,4.10,Mw,2026,3,17,21,13,33.150
41.1848,142.5775,42.81,4.00,Mw,2026,3,18,4,33,44.970
40.9760,142.0078,57.77,4.50,Mw,2026,3,18,21,23,0.970
32.2458,130.4393,8.57,3.70,Mw,2026,3,20,15,29,1.440
37.6293,137.5003,15.28,3.60,Mw,2026,3,20,18,32,51.060
32.2435,130.4398,6.89,3.60,Mw,2026,3,21,6,4,4.030
32.2473,130.4357,8.16,4.00,Mw,2026,3,21,11,42,36.300
36.4142,137.6255,0.30,4.10,Mw,2026,3,24,13,11,49.210
37.1898,141.3995,45.54,3.90,Mw,2026,3,24,14,3,48.870
34.9030,134.9585,17.79,4.00,Mw,2026,3,25,11,31,12.840
33.0872,130.5403,13.01,3.90,Mw,2026,3,25,11,33,10.720
40.0362,142.7137,33.53,4.00,Mw,2026,3,26,5,28,50.180
40.6942,142.6798,41.37,4.70,Mw,2026,3,26,7,37,52.420
39.4350,143.2850,17.18,4.60,Mw,2026,3,26,8,51,51.610
39.4437,143.3027,15.26,6.30,Mw,2026,3,26,14,18,52.960
39.4710,143.3827,14.76,4.70,Mw,2026,3,26,15,59,46.320
39.4772,143.3580,15.33,4.50,Mw,2026,3,26,16,20,33.820
39.4883,143.3568,14.04,4.20,Mw,2026,3,26,16,55,42.590
39.5703,143.4268,13.35,3.60,Mw,2026,3,26,19,39,41.960
39.4170,143.2985,16.39,3.60,Mw,2026,3,26,19,47,21.400
39.4197,143.3192,16.52,4.90,Mw,2026,3,26,19,56,33.600
39.2465,142.1438,51.51,3.60,Mw,2026,3,27,2,16,39.100
39.4668,143.4295,14.11,3.90,Mw,2026,3,27,8,44,6.150
39.3897,143.1865,17.85,4.90,Mw,2026,3,27,15,24,34.350
39.6107,143.4645,13.67,3.90,Mw,2026,3,27,16,38,50.360
40.9750,142.7858,23.59,4.00,Mw,2026,3,27,17,19,12.100
34.9868,139.5765,37.52,3.70,Mw,2026,3,28,10,36,15.640
39.8183,142.9430,25.57,3.80,Mw,2026,3,28,19,44,57.210
38.3102,141.8615,47.34,4.00,Mw,2026,3,30,1,5,16.150
40.3702,142.9893,20.67,4.40,Mw,2026,3,30,7,46,56.720
38.3070,141.8768,63.50,4.10,Mw,2026,3,30,19,5,49.640
35.9473,143.3972,28.61,3.60,Mw,2026,3,31,7,16,27.210
36.6100,142.9023,6.89,3.70,Mw,2026,4,1,0,23,26.360
36.1048,139.9918,47.61,4.90,Mw,2026,4,1,1,6,18.250
39.4518,142.5893,30.15,4.30,Mw,2026,4,3,8,51,44.670
38.4037,141.9223,58.28,4.70,Mw,2026,4,4,10,36,44.810
36.1922,140.1208,51.61,3.60,Mw,2026,4,5,7,34,16.890
37.5447,141.4845,53.49,3.80,Mw,2026,4,5,17,28,11.130
39.7475,142.3352,9.80,4.20,Mw,2026,4,6,1,53,40.420
31.9270,135.9332,68.93,4.70,Mw,2026,4,6,6,45,13.100
41.7862,144.3120,15.95,4.50,Mw,2026,4,7,16,36,19.450
39.6170,143.4680,13.51,4.20,Mw,2026,4,8,6,27,50.360
33.7262,132.2997,50.01,3.80,Mw,2026,4,8,11,13,4.960
39.7592,141.8342,58.09,4.00,Mw,2026,4,11,9,10,1.550
35.1187,132.7210,9.44,3.50,Mw,2026,4,11,16,30,43.730
38.2295,141.7907,58.93,4.60,Mw,2026,4,12,13,0,42.930
37.6270,137.5048,14.98,4.20,Mw,2026,4,12,23,54,0.080
32.7467,135.1217,31.10,4.00,Mw,2026,4,13,6,14,47.270
36.3502,137.6213,2.28,4.30,Mw,2026,4,14,6,34,36.540
40.6387,142.3992,44.99,4.20,Mw,2026,4,14,13,20,57.700
38.8857,142.4587,45.61,3.60,Mw,2026,4,14,14,29,0.780
39.7445,142.3290,8.07,3.60,Mw,2026,4,14,19,50,3.460
37.7097,141.6733,56.41,3.80,Mw,2026,4,15,23,7,2.180
33.3192,142.4528,54.53,4.70,Mw,2026,4,16,14,43,9.430
35.2972,133.1602,11.04,3.50,Mw,2026,4,16,17,40,2.290
36.5805,137.8515,7.82,4.90,Mw,2026,4,18,4,20,5.400
36.5728,137.8553,8.64,4.90,Mw,2026,4,18,5,54,30.650
36.5720,137.8597,8.24,3.80,Mw,2026,4,18,7,21,22.160
35.1412,140.0260,67.93,3.70,Mw,2026,4,19,1,55,35.430
39.8422,143.1575,19.44,7.40,Mw,2026,4,20,7,52,58.060
39.4525,143.3607,13.90,5.10,Mw,2026,4,20,10,44,12.890
39.5822,143.4400,12.31,5.40,Mw,2026,4,20,12,56,46.640
39.8362,143.3137,14.94,4.90,Mw,2026,4,20,14,15,27.340
39.4038,143.6232,13.83,4.20,Mw,2026,4,20,16,13,14.160
39.8222,143.5953,15.76,4.40,Mw,2026,4,20,16,15,28.960
39.8652,143.1682,13.98,3.80,Mw,2026,4,20,21,50,32.870
39.8378,143.5765,15.12,3.90,Mw,2026,4,20,22,6,11.750
39.7695,143.4285,14.01,4.00,Mw,2026,4,21,0,54,29.390
39.5573,143.4332,13.31,4.10,Mw,2026,4,21,1,44,12.940
39.8273,143.2715,4.01,4.60,Mw,2026,4,21,2,35,44.520
37.1578,141.3677,45.53,4.00,Mw,2026,4,21,4,50,49.200
39.8165,143.6123,23.96,4.60,Mw,2026,4,21,5,19,57.090
39.8270,143.6445,16.28,4.40,Mw,2026,4,21,5,23,49.600
39.8252,143.6350,16.82,4.20,Mw,2026,4,21,5,26,58.980
39.8270,143.6397,16.14,5.30,Mw,2026,4,21,5,29,10.850
39.7103,143.4453,13.86,3.90,Mw,2026,4,21,13,1,53.560
39.8385,142.6103,35.15,4.20,Mw,2026,4,21,16,18,6.970
40.1233,143.2688,16.58,5.50,Mw,2026,4,21,18,44,10.850
39.8550,143.1762,17.64,5.00,Mw,2026,4,22,0,1,11.400
39.7942,143.3632,14.91,4.10,Mw,2026,4,22,9,49,3.210
40.1387,142.4615,38.69,4.30,Mw,2026,4,22,12,6,22.290
39.9115,143.0992,16.40,4.80,Mw,2026,4,22,12,18,33.770
39.6147,143.2248,16.07,4.70,Mw,2026,4,22,13,35,24.610
39.8798,143.1735,18.76,4.60,Mw,2026,4,22,14,26,18.850
36.5675,137.8492,8.72,3.90,Mw,2026,4,22,17,42,35.310
40.0523,142.1983,45.13,4.20,Mw,2026,4,22,17,46,36.890
39.7178,143.4397,14.44,4.60,Mw,2026,4,23,0,7,57.940
40.0973,142.4393,37.93,4.10,Mw,2026,4,23,6,41,14.560
39.5358,143.5650,12.99,3.90,Mw,2026,4,23,7,20,31.440
40.1395,142.4387,13.74,3.80,Mw,2026,4,23,9,40,10.050
40.1493,143.1758,18.49,3.70,Mw,2026,4,23,11,3,16.500
35.7798,140.1405,70.20,4.10,Mw,2026,4,23,14,53,14.610
39.4913,143.3318,11.69,3.60,Mw,2026,4,23,15,26,28.580
39.7928,143.3423,12.50,4.20,Mw,2026,4,23,16,56,55.830
39.7030,143.4248,13.82,3.90,Mw,2026,4,23,21,24,4.910
39.9168,143.6158,15.68,4.20,Mw,2026,4,23,22,18,19.590
40.0808,142.8352,33.05,5.00,Mw,2026,4,24,5,13,9.930
40.0295,142.3968,7.32,3.80,Mw,2026,4,25,2,58,48.960
40.0315,142.3970,7.32,3.70,Mw,2026,4,25,4,44,46.350
39.7645,143.4295,14.33,3.60,Mw,2026,4,25,5,12,54.610
34.3765,142.2447,47.01,3.90,Mw,2026,4,25,5,19,14.900
39.7992,143.2618,15.88,4.80,Mw,2026,4,25,20,41,30.300
39.7183,143.4465,13.49,3.70,Mw,2026,4,25,21,12,41.960
40.0893,142.8237,33.22,4.60,Mw,2026,4,26,6,43,52.390
40.0372,142.7238,34.30,5.10,Mw,2026,4,26,16,57,22.050
39.8432,143.2593,16.70,3.90,Mw,2026,4,27,4,40,43.610
38.6942,142.9092,9.79,3.60,Mw,2026,4,27,9,4,29.600
36.1903,135.9490,16.10,3.50,Mw,2026,4,28,5,53,38.040
40.1993,142.8475,3.64,4.80,Mw,2026,4,28,7,24,42.250
40.1985,142.8537,3.97,4.30,Mw,2026,4,28,10,14,51.740
40.1585,143.1697,19.08,3.90,Mw,2026,4,28,19,52,6.260
39.6330,143.4635,13.64,4.20,Mw,2026,4,29,0,43,32.730
39.6085,143.5323,12.08,3.80,Mw,2026,4,29,5,4,28.970
36.5778,137.8480,4.35,3.70,Mw,2026,4,29,7,44,59.680
39.6237,143.4695,13.52,3.90,Mw,2026,4,29,9,36,29.050
40.2235,142.8138,3.89,3.70,Mw,2026,4,30,5,13,58.910
40.1463,143.3495,16.79,4.50,Mw,2026,4,30,8,43,13.850
40.2212,142.8175,4.39,4.30,Mw,2026,4,30,10,38,16.740
34.1165,131.4830,21.71,3.50,Mw,2026,4,30,11,23,0.840
39.9203,142.3877,38.29,3.90,Mw,2026,4,30,18,15,26.930
35.9833,141.7040,17.64,4.90,Mw,2026,5,1,13,0,39.880
42.8987,145.5290,37.96,4.70,Mw,2026,5,1,17,19,24.950
45.0283,142.1615,0.00,4.60,Mw,2026,5,1,19,35,44.350
34.0628,135.5570,64.87,5.70,Mw,2026,5,2,9,28,41.010
32.9097,137.1848,49.41,3.50,Mw,2026,5,3,15,19,46.270
37.2543,142.2438,23.57,3.60,Mw,2026,5,3,18,57,22.500
39.8178,143.3567,14.47,3.70,Mw,2026,5,4,1,7,48.500
39.8083,143.3777,14.94,4.90,Mw,2026,5,4,21,42,1.340
39.8938,143.0812,16.82,5.20,Mw,2026,5,4,23,54,5.510
34.6237,142.2255,31.76,3.50,Mw,2026,5,5,19,49,30.980
39.5487,143.5757,12.07,3.90,Mw,2026,5,6,9,18,59.700
39.5518,143.5747,12.35,4.00,Mw,2026,5,6,9,22,44.470
39.9045,143.1055,16.12,3.70,Mw,2026,5,6,13,7,24.590
33.7163,133.9622,34.01,3.70,Mw,2026,5,6,19,30,13.040
36.9410,136.4007,12.27,3.50,Mw,2026,5,6,21,1,24.500
36.3245,140.0918,68.94,4.40,Mw,2026,5,7,18,50,2.450
37.5078,141.5440,46.81,4.70,Mw,2026,5,7,23,31,13.430
35.0512,138.2798,5.69,4.10,Mw,2026,5,8,3,36,8.850
39.8453,143.2940,15.29,4.40,Mw,2026,5,8,17,10,17.300
39.8358,143.3068,12.58,4.20,Mw,2026,5,8,17,11,57.790
39.2670,142.1380,51.71,3.90,Mw,2026,5,9,9,19,49.180
37.2638,144.5860,36.18,4.10,Mw,2026,5,10,3,3,39.910
33.7738,134.7362,37.21,3.50,Mw,2026,5,10,21,21,15.600
39.6833,143.2115,17.13,3.90,Mw,2026,5,11,0,10,0.690
39.7410,143.7490,16.80,5.00,Mw,2026,5,11,0,21,41.910
41.0333,142.5122,46.38,4.10,Mw,2026,5,11,2,27,42.580
35.5498,143.6235,43.99,3.60,Mw,2026,5,11,4,57,52.430
39.4527,143.3337,15.06,3.90,Mw,2026,5,11,6,51,51.530
38.5392,141.7367,52.70,3.60,Mw,2026,5,11,22,36,16.530
36.0865,139.8880,48.51,4.40,Mw,2026,5,12,0,2,35.740
36.8508,143.8970,24.25,3.60,Mw,2026,5,12,5,33,2.790
45.4378,140.9855,13.74,3.60,Mw,2026,5,12,10,32,23.990
37.5138,141.5343,47.12,3.60,Mw,2026,5,12,13,1,51.720
39.7010,143.2762,15.43,3.70,Mw,2026,5,12,17,37,24.770
38.8895,141.9722,48.94,3.50,Mw,2026,5,12,18,2,59.670
41.7055,145.8245,47.86,4.60,Mw,2026,5,13,2,24,40.410
40.5767,140.3480,7.91,3.60,Mw,2026,5,13,17,32,41.910
38.4055,141.9252,56.97,3.60,Mw,2026,5,13,18,2,40.440
39.8377,141.4260,11.99,4.50,Mw,2026,5,13,20,1,36.130
33.3152,142.4597,50.46,3.80,Mw,2026,5,14,6,21,28.210
39.5617,143.4455,13.14,3.90,Mw,2026,5,14,10,47,23.760
39.7913,143.3430,14.76,4.10,Mw,2026,5,14,22,33,5.330
39.7917,143.3387,12.78,4.20,Mw,2026,5,14,22,33,50.720
36.2420,140.9490,31.43,3.50,Mw,2026,5,14,23,23,6.190
38.9042,142.0973,45.94,6.60,Mw,2026,5,15,11,22,2.010
39.8430,143.2577,3.55,3.70,Mw,2026,5,15,20,39,35.810
36.0013,137.3660,10.07,3.50,Mw,2026,5,15,22,27,33.360
39.8937,143.0597,16.49,4.80,Mw,2026,5,17,0,7,26.320
38.7742,142.2638,42.22,4.20,Mw,2026,5,17,2,42,12.630
39.0890,142.2070,39.70,3.90,Mw,2026,5,17,9,1,53.800
37.8570,141.5735,49.22,4.20,Mw,2026,5,18,6,19,19.480
39.7083,143.4420,13.95,4.60,Mw,2026,5,18,17,4,29.210
40.3975,142.6892,39.37,3.70,Mw,2026,5,18,18,12,7.590
40.8328,142.5203,75.83,4.20,Mw,2026,5,19,10,23,35.210
30.6853,132.8040,46.79,3.50,Mw,2026,5,20,9,37,38.770
35.7190,140.9597,33.73,4.10,Mw,2026,5,20,15,23,12.900
38.8657,142.0405,46.13,3.60,Mw,2026,5,21,4,20,40.680
33.2962,132.4037,40.04,3.60,Mw,2026,5,21,15,23,49.990
44.0517,141.7335,6.89,3.50,Mw,2026,5,22,6,22,18.350
40.1423,142.3628,39.28,4.40,Mw,2026,5,22,16,53,55.700
36.7073,142.1537,16.48,3.70,Mw,2026,5,23,0,45,52.390
42.5955,145.0498,41.39,3.50,Mw,2026,5,23,14,19,50.560
36.4387,140.6893,52.35,4.00,Mw,2026,5,24,6,8,24.070
38.2238,141.7877,58.30,3.70,Mw,2026,5,24,8,7,49.260
40.1342,142.3898,39.56,4.70,Mw,2026,5,25,8,14,46.410
39.9463,143.6278,15.02,3.70,Mw,2026,5,25,14,27,22.540
39.8893,143.0493,14.82,3.60,Mw,2026,5,26,15,11,36.810
35.7860,141.3912,13.19,3.50,Mw,2026,5,26,17,8,17.590
38.8563,142.1098,44.43,4.30,Mw,2026,5,26,20,20,59.580
41.5783,143.5797,51.55,4.40,Mw,2026,5,27,7,38,55.000
39.6430,143.4512,12.26,4.00,Mw,2026,5,27,8,32,55.330
33.1717,142.4578,48.51,3.70,Mw,2026,5,28,8,37,10.710
38.9232,142.1040,44.34,3.90,Mw,2026,5,29,8,53,50.670
33.1450,142.4937,51.94,4.10,Mw,2026,5,29,10,15,43.550
35.3830,140.3207,26.92,3.80,Mw,2026,5,29,21,38,30.710
40.4305,142.4908,42.86,3.90,Mw,2026,5,30,13,26,59.390
40.3415,142.1258,49.15,3.60,Mw,2026,5,31,9,22,13.180
40.1265,142.4088,39.36,4.00,Mw,2026,5,31,10,58,49.320
40.3690,142.4648,26.34,4.10,Mw,2026,5,31,12,36,42.710
37.4572,138.1535,27.94,4.40,Mw,2026,5,31,20,54,39.710
33.1548,142.4768,56.62,4.10,Mw,2026,6,1,2,28,4.870
33.1268,142.4977,51.43,3.90,Mw,2026,6,1,2,51,52.210
39.1550,142.8870,23.91,3.80,Mw,2026,6,1,13,2,40.850
39.1565,142.8877,23.53,4.10,Mw,2026,6,1,13,30,53.870
36.4050,141.0845,39.70,3.90,Mw,2026,6,1,15,51,18.530
39.7878,143.2848,15.86,3.90,Mw,2026,6,2,8,9,44.990
31.1355,131.4892,32.54,4.60,Mw,2026,6,2,20,58,20.440
34.8700,135.6222,9.88,3.60,Mw,2026,6,2,23,50,6.140
39.7408,143.3493,14.56,3.50,Mw,2026,6,4,14,45,12.380
39.8388,143.6025,18.41,4.40,Mw,2026,6,4,17,44,46.860
39.8330,143.5990,16.32,4.30,Mw,2026,6,4,17,46,23.510
37.4000,144.7548,39.67,3.70,Mw,2026,6,5,2,50,43.820
34.7822,142.8663,27.89,3.70,Mw,2026,6,5,3,49,8.930
31.3347,128.9165,8.48,3.60,Mw,2026,6,5,4,21,21.630
35.0400,137.1508,39.95,3.80,Mw,2026,6,6,1,20,12.420
41.5642,142.1057,51.36,3.70,Mw,2026,6,6,3,48,58.850
33.3015,140.8168,54.47,4.80,Mw,2026,6,6,11,29,14.250
40.1068,142.4670,38.10,4.70,Mw,2026,6,6,18,52,26.630
39.1710,143.6215,15.15,4.20,Mw,2026,6,6,20,2,42.270
39.5587,142.0223,54.01,3.70,Mw,2026,6,6,20,15,11.530
39.3660,144.8160,21.14,3.80,Mw,2026,6,7,6,5,21.750
30.9192,128.6082,25.00,3.60,Mw,2026,6,7,21,35,59.920
37.6798,141.6515,60.71,4.10,Mw,2026,6,8,22,26,24.540
39.5865,143.4363,12.22,4.30,Mw,2026,6,10,7,14,29.690
34.1520,135.8040,50.08,3.70,Mw,2026,6,10,9,1,21.990
39.9313,142.4145,37.49,3.50,Mw,2026,6,10,9,55,44.950
38.7345,142.1782,43.10,4.30,Mw,2026,6,11,14,22,32.520
40.1908,143.1508,4.61,4.00,Mw,2026,6,11,18,37,19.950
39.4167,143.3040,16.33,3.50,Mw,2026,6,11,19,21,2.080
40.1280,142.4382,38.62,3.70,Mw,2026,6,12,0,47,43.630
37.7345,141.6998,57.85,4.00,Mw,2026,6,12,6,40,21.000
39.7025,143.4243,13.81,4.00,Mw,2026,6,12,11,40,15.820
39.7067,143.4247,13.91,3.90,Mw,2026,6,12,11,46,2.160
40.1978,143.1573,3.83,3.60,Mw,2026,6,12,19,43,8.430
40.1683,144.0525,27.58,4.00,Mw,2026,6,14,23,46,41.210
39.7953,143.3658,15.33,4.20,Mw,2026,6,15,2,6,39.490
40.1982,143.1650,4.34,3.70,Mw,2026,6,15,3,15,54.700
39.7748,143.3503,15.42,4.00,Mw,2026,6,15,4,45,25.740
42.3403,143.0128,55.77,3.80,Mw,2026,6,15,7,33,14.600
36.1128,139.8762,49.70,5.40,Mw,2026,6,16,10,46,33.810
37.7863,141.6515,79.97,3.80,Mw,2026,6,16,16,6,2.550
39.8808,143.1713,18.46,4.50,Mw,2026,6,16,17,25,55.890
39.9120,142.3970,38.26,3.50,Mw,2026,6,17,12,24,53.190
38.8830,144.6577,21.91,4.60,Mw,2026,6,17,14,28,51.550
38.9955,144.6213,14.66,4.00,Mw,2026,6,17,23,33,24.830
39.2712,142.8535,35.11,3.60,Mw,2026,6,18,14,42,56.170
35.2195,140.5037,48.47,3.90,Mw,2026,6,18,18,44,0.190
39.0002,144.6280,14.59,3.80,Mw,2026,6,18,21,19,40.200
37.3327,141.7345,41.73,4.00,Mw,2026,6,18,22,33,6.190
39.9238,143.6223,16.32,4.60,Mw,2026,6,19,16,47,42.280
39.9295,143.6405,16.98,4.10,Mw,2026,6,19,16,55,51.380
42.8987,145.4670,73.53,4.10,Mw,2026,6,19,20,39,2.370
42.5573,145.2870,25.43,3.60,Mw,2026,6,22,23,3,37.790
37.0467,139.4118,6.41,3.50,Mw,2026,6,24,4,31,43.600
40.2102,142.3045,43.97,6.90,Mw,2026,6,24,22,30,13.900
40.2760,142.2373,45.44,4.60,Mw,2026,6,25,11,58,30.920
40.3222,142.1620,47.81,4.60,Mw,2026,6,25,16,11,42.680
40.7868,142.7250,40.09,3.80,Mw,2026,6,25,17,48,35.250
42.2798,144.7715,20.67,3.80,Mw,2026,6,25,21,1,34.770
36.0548,139.9247,45.23,3.90,Mw,2026,6,26,2,48,58.990
35.7267,140.6178,52.55,5.80,Mw,2026,6,26,3,46,35.670
35.7323,140.6757,51.17,4.50,Mw,2026,6,26,4,31,32.000
39.8313,143.3117,15.39,4.20,Mw,2026,6,26,7,21,56.430
35.5518,138.9663,20.32,5.30,Mw,2026,6,26,13,28,59.250
35.7967,140.0903,70.78,4.20,Mw,2026,6,26,18,59,37.810
39.6880,142.7247,27.59,3.60,Mw,2026,6,26,19,38,14.160
40.2073,142.3682,41.10,5.80,Mw,2026,6,27,20,21,51.720
40.0863,142.4380,37.93,4.30,Mw,2026,6,28,5,39,30.540
40.1308,142.3835,39.40,4.00,Mw,2026,6,28,14,49,30.940
40.3638,142.2083,44.66,4.00,Mw,2026,6,28,23,11,20.530
33.8745,134.8628,42.55,3.80,Mw,2026,6,30,1,29,11.070
40.3690,142.2032,45.64,3.60,Mw,2026,6,30,3,24,25.720
40.2505,142.4613,41.95,3.60,Mw,2026,6,30,4,22,49.250
40.0903,142.4308,38.60,4.90,Mw,2026,6,30,14,2,20.970
